{"cameraMode":{"drawMode":0,"name":"Shaded","section":"Shading Mode"},"sceneLighting":true,"audioPlay":false,"sceneViewState":{"showFog":true,"showMaterialUpdate":false,"showSkybox":true,"showFlares":true,"showImageEffects":true,"showParticleSystems":true},"in2DMode":false,"pivot":{"x":12.304793357849121,"y":0.47323936223983767,"z":3.023360252380371},"rotation":{"x":0.05500403791666031,"y":-0.1293334811925888,"z":0.007185737602412701,"w":0.9900504350662231},"size":7.989081859588623,"orthographic":false}