{"cameraMode":{"drawMode":0,"name":"Shaded","section":"Shading Mode"},"sceneLighting":false,"audioPlay":false,"sceneViewState":{"showFog":true,"showMaterialUpdate":false,"showSkybox":false,"showFlares":true,"showImageEffects":true,"showParticleSystems":true},"in2DMode":false,"pivot":{"x":-0.020810768008232118,"y":-0.02392578125,"z":0.031215574592351915},"rotation":{"x":0.02037469483911991,"y":0.04647354036569595,"z":-0.0009480890585109592,"w":0.998711109161377},"size":3.9568564891815187,"orthographic":true}